year,Customer Deposits,Net Interest Income,Net Loans,Non-Interest Income,Operating Expenses,net_profit,total_equity,total_assets,roa_percent,roe_percent
2018,291677.94,21053.78,220012.1,7456.06,14259.8,9975.03,45237.22,396377.02,2.5165510351735327,22.05049293480015
2019,317103.6,26861.26,266262.38,9877.91,18801.56,12556.33,44344.62,436899.18,2.873965110211468,28.31534016978835
2020,364458.61,28852.91,299114.2,10280.03,20181.22,13266.21,56030.93,480364.29,2.7616977939804808,23.676583629791615
2021,383256.25,33146.38,331380.55,12160.83,22174.86,16192.65,58483.64,529749.56,3.0566613401245672,27.68748662018985
2022,431581.05,40146.83,377257.69,17572.91,29133.83,20010.14,61460.81,592835.04,3.3753301761650256,32.55755984992713
2023,476696.59,36256.02,371539.38,14072.22,25867.22,17122.72,69301.83,666743.5,2.5681120250891087,24.707457220105155
2024,553484.79,45957.88,423028.32,19184.85,31559.45,23508.29,88669.61,745122.88,3.1549547908124898,26.512228936159755
2025,638332.27,46323.6,470587.76,15181.03,31378.93,21087.99,100826.88,816300.18,2.5833621646389937,20.915047653958947
