period,total_profit_usd,total_profit_kes,subsidiary_count
2023-FY,131646412.08999999,17114033571.810001,7
2024-Q1,129138559.8,16788012772.14,7
2024-Q2,133129047.86000001,17306776223.539997,7
2024-Q3,129033681.73,16774378624.31,7
